{"cameraMode":{"drawMode":0,"name":"Shaded","section":"Shading Mode"},"sceneLighting":true,"audioPlay":false,"sceneViewState":{"showFog":true,"showMaterialUpdate":false,"showSkybox":true,"showFlares":true,"showImageEffects":true,"showParticleSystems":true,"showVisualEffectGraphs":true,"m_FxEnabled":true},"in2DMode":false,"pivot":{"x":-0.1473391056060791,"y":1.6589545011520386,"z":0.29921233654022219},"rotation":{"x":-0.004221254028379917,"y":-0.742114245891571,"z":-0.004876582883298397,"w":0.6702448129653931},"size":1.5073950290679932,"orthographic":false}